Home_Team,Away_Team,Pace_Diff,Off_Rating_Diff,Def_Rating_Diff,Matchup_Risk_Score
Memphis Grizzlies,Atlanta Hawks,1.0,3.7,2.5,2.11
Memphis Grizzlies,Chicago Bulls,1.2,3.2,3.0,2.16
Memphis Grizzlies,Washington Wizards,2.5,10.4,6.1,5.59
Memphis Grizzlies,Utah Jazz,3.8,6.1,6.6,5.05
Memphis Grizzlies,Denver Nuggets,3.9,2.8,3.1,3.41
Memphis Grizzlies,Detroit Pistons,3.9,2.9,0.5,2.92
Memphis Grizzlies,Cleveland Cavaliers,4.1,5.3,0.8,3.8
Memphis Grizzlies,Oklahoma City Thunder,4.2,2.8,5.4,4.02
Memphis Grizzlies,Indiana Pacers,4.3,0.9,2.0,2.82
Memphis Grizzlies,Toronto Raptors,4.5,6.7,2.9,4.84
Memphis Grizzlies,San Antonio Spurs,4.6,2.3,4.1,3.81
Memphis Grizzlies,Dallas Mavericks,4.7,1.7,3.2,3.5
Memphis Grizzlies,New Orleans Pelicans,4.7,6.5,6.6,5.62
Memphis Grizzlies,Milwaukee Bucks,4.8,1.9,0.2,3.01
Memphis Grizzlies,Golden State Warriors,4.8,3.1,0.8,3.49
Memphis Grizzlies,Portland Trail Blazers,4.9,6.2,2.4,4.79
Memphis Grizzlies,Houston Rockets,5.0,3.8,2.6,4.16
Memphis Grizzlies,Sacramento Kings,5.5,0.5,3.5,3.6
Memphis Grizzlies,Charlotte Hornets,6.1,9.8,3.5,6.69
Memphis Grizzlies,Los Angeles Lakers,6.2,1.7,0.9,3.79
Memphis Grizzlies,Minnesota Timberwolves,6.4,1.4,1.4,3.9
Memphis Grizzlies,LA Clippers,6.5,3.3,1.7,4.58
Memphis Grizzlies,New York Knicks,6.8,0.8,2.0,4.04
Memphis Grizzlies,Philadelphia 76ers,6.8,4.8,5.0,5.84
Memphis Grizzlies,Phoenix Suns,6.9,0.1,5.2,4.52
Memphis Grizzlies,Boston Celtics,7.6,2.8,1.7,4.98
Memphis Grizzlies,Orlando Magic,7.7,8.8,2.6,7.01
Memphis Grizzlies,Brooklyn Nets,7.8,8.2,2.4,6.84
Memphis Grizzlies,Miami Heat,8.1,5.3,1.4,5.92
Atlanta Hawks,Memphis Grizzlies,1.0,3.7,2.5,2.11
Atlanta Hawks,Chicago Bulls,0.2,0.5,0.5,0.35
Atlanta Hawks,Washington Wizards,1.5,6.7,3.6,3.48
Atlanta Hawks,Utah Jazz,2.8,2.4,4.1,2.94
Atlanta Hawks,Denver Nuggets,2.9,6.5,0.6,3.52
Atlanta Hawks,Detroit Pistons,2.9,0.8,3.0,2.29
Atlanta Hawks,Cleveland Cavaliers,3.1,9.0,3.3,4.91
Atlanta Hawks,Oklahoma City Thunder,3.2,6.5,7.9,5.13
Atlanta Hawks,Indiana Pacers,3.3,2.8,0.5,2.59
Atlanta Hawks,Toronto Raptors,3.5,3.0,0.4,2.73
Atlanta Hawks,San Antonio Spurs,3.6,1.4,1.6,2.54
Atlanta Hawks,Dallas Mavericks,3.7,2.0,0.7,2.59
Atlanta Hawks,New Orleans Pelicans,3.7,2.8,4.1,3.51
Atlanta Hawks,Milwaukee Bucks,3.8,1.8,2.3,2.9
Atlanta Hawks,Golden State Warriors,3.8,0.6,3.3,2.74
Atlanta Hawks,Portland Trail Blazers,3.9,2.5,0.1,2.72
Atlanta Hawks,Houston Rockets,4.0,0.1,5.1,3.05
Atlanta Hawks,Sacramento Kings,4.5,3.2,1.0,3.41
Atlanta Hawks,Charlotte Hornets,5.1,6.1,1.0,4.58
Atlanta Hawks,Los Angeles Lakers,5.2,2.0,1.6,3.52
Atlanta Hawks,Minnesota Timberwolves,5.4,2.3,3.9,4.17
Atlanta Hawks,LA Clippers,5.5,0.4,4.2,3.71
Atlanta Hawks,New York Knicks,5.8,4.5,0.5,4.35
Atlanta Hawks,Philadelphia 76ers,5.8,1.1,2.5,3.73
Atlanta Hawks,Phoenix Suns,5.9,3.6,2.7,4.57
Atlanta Hawks,Boston Celtics,6.6,6.5,4.2,6.09
Atlanta Hawks,Orlando Magic,6.7,5.1,5.1,5.9
Atlanta Hawks,Brooklyn Nets,6.8,4.5,0.1,4.77
Atlanta Hawks,Miami Heat,7.1,1.6,1.1,4.25
Chicago Bulls,Memphis Grizzlies,1.2,3.2,3.0,2.16
Chicago Bulls,Atlanta Hawks,0.2,0.5,0.5,0.35
Chicago Bulls,Washington Wizards,1.3,7.2,3.1,3.43
Chicago Bulls,Utah Jazz,2.6,2.9,3.6,2.89
Chicago Bulls,Denver Nuggets,2.7,6.0,0.1,3.17
Chicago Bulls,Detroit Pistons,2.7,0.3,3.5,2.14
Chicago Bulls,Cleveland Cavaliers,2.9,8.5,3.8,4.76
Chicago Bulls,Oklahoma City Thunder,3.0,6.0,8.4,4.98
Chicago Bulls,Indiana Pacers,3.1,2.3,1.0,2.44
Chicago Bulls,Toronto Raptors,3.3,3.5,0.1,2.72
Chicago Bulls,San Antonio Spurs,3.4,0.9,1.1,2.19
Chicago Bulls,Dallas Mavericks,3.5,1.5,0.2,2.24
Chicago Bulls,New Orleans Pelicans,3.5,3.3,3.6,3.46
Chicago Bulls,Milwaukee Bucks,3.6,1.3,2.8,2.75
Chicago Bulls,Golden State Warriors,3.6,0.1,3.8,2.59
Chicago Bulls,Portland Trail Blazers,3.7,3.0,0.6,2.87
Chicago Bulls,Houston Rockets,3.8,0.6,5.6,3.2
Chicago Bulls,Sacramento Kings,4.3,2.7,0.5,3.06
Chicago Bulls,Charlotte Hornets,4.9,6.6,0.5,4.53
Chicago Bulls,Los Angeles Lakers,5.0,1.5,2.1,3.37
Chicago Bulls,Minnesota Timberwolves,5.2,1.8,4.4,4.02
Chicago Bulls,LA Clippers,5.3,0.1,4.7,3.62
Chicago Bulls,New York Knicks,5.6,4.0,1.0,4.2
Chicago Bulls,Philadelphia 76ers,5.6,1.6,2.0,3.68
Chicago Bulls,Phoenix Suns,5.7,3.1,2.2,4.22
Chicago Bulls,Boston Celtics,6.4,6.0,4.7,5.94
Chicago Bulls,Orlando Magic,6.5,5.6,5.6,6.05
Chicago Bulls,Brooklyn Nets,6.6,5.0,0.6,4.92
Chicago Bulls,Miami Heat,6.9,2.1,1.6,4.4
Washington Wizards,Memphis Grizzlies,2.5,10.4,6.1,5.59
Washington Wizards,Atlanta Hawks,1.5,6.7,3.6,3.48
Washington Wizards,Chicago Bulls,1.3,7.2,3.1,3.43
Washington Wizards,Utah Jazz,1.3,4.3,0.5,2.04
Washington Wizards,Denver Nuggets,1.4,13.2,3.0,5.26
Washington Wizards,Detroit Pistons,1.4,7.5,6.6,4.27
Washington Wizards,Cleveland Cavaliers,1.6,15.7,6.9,6.89
Washington Wizards,Oklahoma City Thunder,1.7,13.2,11.5,7.11
Washington Wizards,Indiana Pacers,1.8,9.5,4.1,4.57
Washington Wizards,Toronto Raptors,2.0,3.7,3.2,2.75
Washington Wizards,San Antonio Spurs,2.1,8.1,2.0,3.88
Washington Wizards,Dallas Mavericks,2.2,8.7,2.9,4.29
Washington Wizards,New Orleans Pelicans,2.2,3.9,0.5,2.37
Washington Wizards,Milwaukee Bucks,2.3,8.5,5.9,4.88
Washington Wizards,Golden State Warriors,2.3,7.3,6.9,4.72
Washington Wizards,Portland Trail Blazers,2.4,4.2,3.7,3.2
Washington Wizards,Houston Rockets,2.5,6.6,8.7,4.97
Washington Wizards,Sacramento Kings,3.0,9.9,2.6,4.99
Washington Wizards,Charlotte Hornets,3.6,0.6,2.6,2.5
Washington Wizards,Los Angeles Lakers,3.7,8.7,5.2,5.5
Washington Wizards,Minnesota Timberwolves,3.9,9.0,7.5,6.15
Washington Wizards,LA Clippers,4.0,7.1,7.8,5.69
Washington Wizards,New York Knicks,4.3,11.2,4.1,6.33
Washington Wizards,Philadelphia 76ers,4.3,5.6,1.1,4.05
Washington Wizards,Phoenix Suns,4.4,10.3,0.9,5.47
Washington Wizards,Boston Celtics,5.1,13.2,7.8,8.07
Washington Wizards,Orlando Magic,5.2,1.6,8.7,4.82
Washington Wizards,Brooklyn Nets,5.3,2.2,3.7,4.05
Washington Wizards,Miami Heat,5.6,5.1,4.7,5.27
Utah Jazz,Memphis Grizzlies,3.8,6.1,6.6,5.05
Utah Jazz,Atlanta Hawks,2.8,2.4,4.1,2.94
Utah Jazz,Chicago Bulls,2.6,2.9,3.6,2.89
Utah Jazz,Washington Wizards,1.3,4.3,0.5,2.04
Utah Jazz,Denver Nuggets,0.1,8.9,3.5,3.42
Utah Jazz,Detroit Pistons,0.1,3.2,7.1,2.43
Utah Jazz,Cleveland Cavaliers,0.3,11.4,7.4,5.05
Utah Jazz,Oklahoma City Thunder,0.4,8.9,12.0,5.27
Utah Jazz,Indiana Pacers,0.5,5.2,4.6,2.73
Utah Jazz,Toronto Raptors,0.7,0.6,3.7,1.27
Utah Jazz,San Antonio Spurs,0.8,3.8,2.5,2.04
Utah Jazz,Dallas Mavericks,0.9,4.4,3.4,2.45
Utah Jazz,New Orleans Pelicans,0.9,0.4,0.0,0.57
Utah Jazz,Milwaukee Bucks,1.0,4.2,6.4,3.04
Utah Jazz,Golden State Warriors,1.0,3.0,7.4,2.88
Utah Jazz,Portland Trail Blazers,1.1,0.1,4.2,1.42
Utah Jazz,Houston Rockets,1.2,2.3,9.2,3.13
Utah Jazz,Sacramento Kings,1.7,5.6,3.1,3.15
Utah Jazz,Charlotte Hornets,2.3,3.7,3.1,2.88
Utah Jazz,Los Angeles Lakers,2.4,4.4,5.7,3.66
Utah Jazz,Minnesota Timberwolves,2.6,4.7,8.0,4.31
Utah Jazz,LA Clippers,2.7,2.8,8.3,3.85
Utah Jazz,New York Knicks,3.0,6.9,4.6,4.49
Utah Jazz,Philadelphia 76ers,3.0,1.3,1.6,2.21
Utah Jazz,Phoenix Suns,3.1,6.0,1.4,3.63
Utah Jazz,Boston Celtics,3.8,8.9,8.3,6.23
Utah Jazz,Orlando Magic,3.9,2.7,9.2,4.6
Utah Jazz,Brooklyn Nets,4.0,2.1,4.2,3.47
Utah Jazz,Miami Heat,4.3,0.8,5.2,3.43
Denver Nuggets,Memphis Grizzlies,3.9,2.8,3.1,3.41
Denver Nuggets,Atlanta Hawks,2.9,6.5,0.6,3.52
Denver Nuggets,Chicago Bulls,2.7,6.0,0.1,3.17
Denver Nuggets,Washington Wizards,1.4,13.2,3.0,5.26
Denver Nuggets,Utah Jazz,0.1,8.9,3.5,3.42
Denver Nuggets,Detroit Pistons,0.0,5.7,3.6,2.43
Denver Nuggets,Cleveland Cavaliers,0.2,2.5,3.9,1.63
Denver Nuggets,Oklahoma City Thunder,0.3,0.0,8.5,1.85
Denver Nuggets,Indiana Pacers,0.4,3.7,1.1,1.53
Denver Nuggets,Toronto Raptors,0.6,9.5,0.2,3.19
Denver Nuggets,San Antonio Spurs,0.7,5.1,1.0,2.08
Denver Nuggets,Dallas Mavericks,0.8,4.5,0.1,1.77
Denver Nuggets,New Orleans Pelicans,0.8,9.3,3.5,3.89
Denver Nuggets,Milwaukee Bucks,0.9,4.7,2.9,2.44
Denver Nuggets,Golden State Warriors,0.9,5.9,3.9,3.0
Denver Nuggets,Portland Trail Blazers,1.0,9.0,0.7,3.34
Denver Nuggets,Houston Rockets,1.1,6.6,5.7,3.67
Denver Nuggets,Sacramento Kings,1.6,3.3,0.4,1.87
Denver Nuggets,Charlotte Hornets,2.2,12.6,0.4,4.96
Denver Nuggets,Los Angeles Lakers,2.3,4.5,2.2,2.94
Denver Nuggets,Minnesota Timberwolves,2.5,4.2,4.5,3.41
Denver Nuggets,LA Clippers,2.6,6.1,4.8,4.09
Denver Nuggets,New York Knicks,2.9,2.0,1.1,2.27
Denver Nuggets,Philadelphia 76ers,2.9,7.6,1.9,4.11
Denver Nuggets,Phoenix Suns,3.0,2.9,2.1,2.79
Denver Nuggets,Boston Celtics,3.7,0.0,4.8,2.81
Denver Nuggets,Orlando Magic,3.8,11.6,5.7,6.52
Denver Nuggets,Brooklyn Nets,3.9,11.0,0.7,5.39
Denver Nuggets,Miami Heat,4.2,8.1,1.7,4.87
Detroit Pistons,Memphis Grizzlies,3.9,2.9,0.5,2.92
Detroit Pistons,Atlanta Hawks,2.9,0.8,3.0,2.29
Detroit Pistons,Chicago Bulls,2.7,0.3,3.5,2.14
Detroit Pistons,Washington Wizards,1.4,7.5,6.6,4.27
Detroit Pistons,Utah Jazz,0.1,3.2,7.1,2.43
Detroit Pistons,Denver Nuggets,0.0,5.7,3.6,2.43
Detroit Pistons,Cleveland Cavaliers,0.2,8.2,0.3,2.62
Detroit Pistons,Oklahoma City Thunder,0.3,5.7,4.9,2.84
Detroit Pistons,Indiana Pacers,0.4,2.0,2.5,1.3
Detroit Pistons,Toronto Raptors,0.6,3.8,3.4,2.12
Detroit Pistons,San Antonio Spurs,0.7,0.6,4.6,1.45
Detroit Pistons,Dallas Mavericks,0.8,1.2,3.7,1.5
Detroit Pistons,New Orleans Pelicans,0.8,3.6,7.1,2.9
Detroit Pistons,Milwaukee Bucks,0.9,1.0,0.7,0.89
Detroit Pistons,Golden State Warriors,0.9,0.2,0.3,0.57
Detroit Pistons,Portland Trail Blazers,1.0,3.3,2.9,2.07
Detroit Pistons,Houston Rockets,1.1,0.9,2.1,1.24
Detroit Pistons,Sacramento Kings,1.6,2.4,4.0,2.32
Detroit Pistons,Charlotte Hornets,2.2,6.9,4.0,3.97
Detroit Pistons,Los Angeles Lakers,2.3,1.2,1.4,1.79
Detroit Pistons,Minnesota Timberwolves,2.5,1.5,0.9,1.88
Detroit Pistons,LA Clippers,2.6,0.4,1.2,1.66
Detroit Pistons,New York Knicks,2.9,3.7,2.5,3.06
Detroit Pistons,Philadelphia 76ers,2.9,1.9,5.5,3.12
Detroit Pistons,Phoenix Suns,3.0,2.8,5.7,3.48
Detroit Pistons,Boston Celtics,3.7,5.7,1.2,3.8
Detroit Pistons,Orlando Magic,3.8,5.9,2.1,4.09
Detroit Pistons,Brooklyn Nets,3.9,5.3,2.9,4.12
Detroit Pistons,Miami Heat,4.2,2.4,1.9,3.2
Cleveland Cavaliers,Memphis Grizzlies,4.1,5.3,0.8,3.8
Cleveland Cavaliers,Atlanta Hawks,3.1,9.0,3.3,4.91
Cleveland Cavaliers,Chicago Bulls,2.9,8.5,3.8,4.76
Cleveland Cavaliers,Washington Wizards,1.6,15.7,6.9,6.89
Cleveland Cavaliers,Utah Jazz,0.3,11.4,7.4,5.05
Cleveland Cavaliers,Denver Nuggets,0.2,2.5,3.9,1.63
Cleveland Cavaliers,Detroit Pistons,0.2,8.2,0.3,2.62
Cleveland Cavaliers,Oklahoma City Thunder,0.1,2.5,4.6,1.72
Cleveland Cavaliers,Indiana Pacers,0.2,6.2,2.8,2.52
Cleveland Cavaliers,Toronto Raptors,0.4,12.0,3.7,4.54
Cleveland Cavaliers,San Antonio Spurs,0.5,7.6,4.9,3.51
Cleveland Cavaliers,Dallas Mavericks,0.6,7.0,4.0,3.2
Cleveland Cavaliers,New Orleans Pelicans,0.6,11.8,7.4,5.32
Cleveland Cavaliers,Milwaukee Bucks,0.7,7.2,1.0,2.71
Cleveland Cavaliers,Golden State Warriors,0.7,8.4,0.0,2.87
Cleveland Cavaliers,Portland Trail Blazers,0.8,11.5,3.2,4.49
Cleveland Cavaliers,Houston Rockets,0.9,9.1,1.8,3.54
Cleveland Cavaliers,Sacramento Kings,1.4,5.8,4.3,3.3
Cleveland Cavaliers,Charlotte Hornets,2.0,15.1,4.3,6.39
Cleveland Cavaliers,Los Angeles Lakers,2.1,7.0,1.7,3.49
Cleveland Cavaliers,Minnesota Timberwolves,2.3,6.7,0.6,3.28
Cleveland Cavaliers,LA Clippers,2.4,8.6,0.9,3.96
Cleveland Cavaliers,New York Knicks,2.7,4.5,2.8,3.26
Cleveland Cavaliers,Philadelphia 76ers,2.7,10.1,5.8,5.54
Cleveland Cavaliers,Phoenix Suns,2.8,5.4,6.0,4.22
Cleveland Cavaliers,Boston Celtics,3.5,2.5,0.9,2.68
Cleveland Cavaliers,Orlando Magic,3.6,14.1,1.8,6.39
Cleveland Cavaliers,Brooklyn Nets,3.7,13.5,3.2,6.54
Cleveland Cavaliers,Miami Heat,4.0,10.6,2.2,5.62
Oklahoma City Thunder,Memphis Grizzlies,4.2,2.8,5.4,4.02
Oklahoma City Thunder,Atlanta Hawks,3.2,6.5,7.9,5.13
Oklahoma City Thunder,Chicago Bulls,3.0,6.0,8.4,4.98
Oklahoma City Thunder,Washington Wizards,1.7,13.2,11.5,7.11
Oklahoma City Thunder,Utah Jazz,0.4,8.9,12.0,5.27
Oklahoma City Thunder,Denver Nuggets,0.3,0.0,8.5,1.85
Oklahoma City Thunder,Detroit Pistons,0.3,5.7,4.9,2.84
Oklahoma City Thunder,Cleveland Cavaliers,0.1,2.5,4.6,1.72
Oklahoma City Thunder,Indiana Pacers,0.1,3.7,7.4,2.64
Oklahoma City Thunder,Toronto Raptors,0.3,9.5,8.3,4.66
Oklahoma City Thunder,San Antonio Spurs,0.4,5.1,9.5,3.63
Oklahoma City Thunder,Dallas Mavericks,0.5,4.5,8.6,3.32
Oklahoma City Thunder,New Orleans Pelicans,0.5,9.3,12.0,5.44
Oklahoma City Thunder,Milwaukee Bucks,0.6,4.7,5.6,2.83
Oklahoma City Thunder,Golden State Warriors,0.6,5.9,4.6,2.99
Oklahoma City Thunder,Portland Trail Blazers,0.7,9.0,7.8,4.61
Oklahoma City Thunder,Houston Rockets,0.8,6.6,2.8,2.94
Oklahoma City Thunder,Sacramento Kings,1.3,3.3,8.9,3.42
Oklahoma City Thunder,Charlotte Hornets,1.9,12.6,8.9,6.51
Oklahoma City Thunder,Los Angeles Lakers,2.0,4.5,6.3,3.61
Oklahoma City Thunder,Minnesota Timberwolves,2.2,4.2,4.0,3.16
Oklahoma City Thunder,LA Clippers,2.3,6.1,3.7,3.72
Oklahoma City Thunder,New York Knicks,2.6,2.0,7.4,3.38
Oklahoma City Thunder,Philadelphia 76ers,2.6,7.6,10.4,5.66
Oklahoma City Thunder,Phoenix Suns,2.7,2.9,10.6,4.34
Oklahoma City Thunder,Boston Celtics,3.4,0.0,3.7,2.44
Oklahoma City Thunder,Orlando Magic,3.5,11.6,2.8,5.79
Oklahoma City Thunder,Brooklyn Nets,3.6,11.0,7.8,6.66
Oklahoma City Thunder,Miami Heat,3.9,8.1,6.8,5.74
Indiana Pacers,Memphis Grizzlies,4.3,0.9,2.0,2.82
Indiana Pacers,Atlanta Hawks,3.3,2.8,0.5,2.59
Indiana Pacers,Chicago Bulls,3.1,2.3,1.0,2.44
Indiana Pacers,Washington Wizards,1.8,9.5,4.1,4.57
Indiana Pacers,Utah Jazz,0.5,5.2,4.6,2.73
Indiana Pacers,Denver Nuggets,0.4,3.7,1.1,1.53
Indiana Pacers,Detroit Pistons,0.4,2.0,2.5,1.3
Indiana Pacers,Cleveland Cavaliers,0.2,6.2,2.8,2.52
Indiana Pacers,Oklahoma City Thunder,0.1,3.7,7.4,2.64
Indiana Pacers,Toronto Raptors,0.2,5.8,0.9,2.02
Indiana Pacers,San Antonio Spurs,0.3,1.4,2.1,0.99
Indiana Pacers,Dallas Mavericks,0.4,0.8,1.2,0.68
Indiana Pacers,New Orleans Pelicans,0.4,5.6,4.6,2.8
Indiana Pacers,Milwaukee Bucks,0.5,1.0,1.8,0.91
Indiana Pacers,Golden State Warriors,0.5,2.2,2.8,1.47
Indiana Pacers,Portland Trail Blazers,0.6,5.3,0.4,1.97
Indiana Pacers,Houston Rockets,0.7,2.9,4.6,2.14
Indiana Pacers,Sacramento Kings,1.2,0.4,1.5,1.02
Indiana Pacers,Charlotte Hornets,1.8,8.9,1.5,3.87
Indiana Pacers,Los Angeles Lakers,1.9,0.8,1.1,1.41
Indiana Pacers,Minnesota Timberwolves,2.1,0.5,3.4,1.88
Indiana Pacers,LA Clippers,2.2,2.4,3.7,2.56
Indiana Pacers,New York Knicks,2.5,1.7,0.0,1.76
Indiana Pacers,Philadelphia 76ers,2.5,3.9,3.0,3.02
Indiana Pacers,Phoenix Suns,2.6,0.8,3.2,2.18
Indiana Pacers,Boston Celtics,3.3,3.7,3.7,3.5
Indiana Pacers,Orlando Magic,3.4,7.9,4.6,4.99
Indiana Pacers,Brooklyn Nets,3.5,7.3,0.4,4.02
Indiana Pacers,Miami Heat,3.8,4.4,0.6,3.34
Toronto Raptors,Memphis Grizzlies,4.5,6.7,2.9,4.84
Toronto Raptors,Atlanta Hawks,3.5,3.0,0.4,2.73
Toronto Raptors,Chicago Bulls,3.3,3.5,0.1,2.72
Toronto Raptors,Washington Wizards,2.0,3.7,3.2,2.75
Toronto Raptors,Utah Jazz,0.7,0.6,3.7,1.27
Toronto Raptors,Denver Nuggets,0.6,9.5,0.2,3.19
Toronto Raptors,Detroit Pistons,0.6,3.8,3.4,2.12
Toronto Raptors,Cleveland Cavaliers,0.4,12.0,3.7,4.54
Toronto Raptors,Oklahoma City Thunder,0.3,9.5,8.3,4.66
Toronto Raptors,Indiana Pacers,0.2,5.8,0.9,2.02
Toronto Raptors,San Antonio Spurs,0.1,4.4,1.2,1.61
Toronto Raptors,Dallas Mavericks,0.2,5.0,0.3,1.66
Toronto Raptors,New Orleans Pelicans,0.2,0.2,3.7,0.9
Toronto Raptors,Milwaukee Bucks,0.3,4.8,2.7,2.13
Toronto Raptors,Golden State Warriors,0.3,3.6,3.7,1.97
Toronto Raptors,Portland Trail Blazers,0.4,0.5,0.5,0.45
Toronto Raptors,Houston Rockets,0.5,2.9,5.5,2.22
Toronto Raptors,Sacramento Kings,1.0,6.2,0.6,2.48
Toronto Raptors,Charlotte Hornets,1.6,3.1,0.6,1.85
Toronto Raptors,Los Angeles Lakers,1.7,5.0,2.0,2.75
Toronto Raptors,Minnesota Timberwolves,1.9,5.3,4.3,3.4
Toronto Raptors,LA Clippers,2.0,3.4,4.6,2.94
Toronto Raptors,New York Knicks,2.3,7.5,0.9,3.58
Toronto Raptors,Philadelphia 76ers,2.3,1.9,2.1,2.14
Toronto Raptors,Phoenix Suns,2.4,6.6,2.3,3.64
Toronto Raptors,Boston Celtics,3.1,9.5,4.6,5.32
Toronto Raptors,Orlando Magic,3.2,2.1,5.5,3.33
Toronto Raptors,Brooklyn Nets,3.3,1.5,0.5,2.2
Toronto Raptors,Miami Heat,3.6,1.4,1.5,2.52
San Antonio Spurs,Memphis Grizzlies,4.6,2.3,4.1,3.81
San Antonio Spurs,Atlanta Hawks,3.6,1.4,1.6,2.54
San Antonio Spurs,Chicago Bulls,3.4,0.9,1.1,2.19
San Antonio Spurs,Washington Wizards,2.1,8.1,2.0,3.88
San Antonio Spurs,Utah Jazz,0.8,3.8,2.5,2.04
San Antonio Spurs,Denver Nuggets,0.7,5.1,1.0,2.08
San Antonio Spurs,Detroit Pistons,0.7,0.6,4.6,1.45
San Antonio Spurs,Cleveland Cavaliers,0.5,7.6,4.9,3.51
San Antonio Spurs,Oklahoma City Thunder,0.4,5.1,9.5,3.63
San Antonio Spurs,Indiana Pacers,0.3,1.4,2.1,0.99
San Antonio Spurs,Toronto Raptors,0.1,4.4,1.2,1.61
San Antonio Spurs,Dallas Mavericks,0.1,0.6,0.9,0.41
San Antonio Spurs,New Orleans Pelicans,0.1,4.2,2.5,1.81
San Antonio Spurs,Milwaukee Bucks,0.2,0.4,3.9,1.0
San Antonio Spurs,Golden State Warriors,0.2,0.8,4.9,1.32
San Antonio Spurs,Portland Trail Blazers,0.3,3.9,1.7,1.66
San Antonio Spurs,Houston Rockets,0.4,1.5,6.7,1.99
San Antonio Spurs,Sacramento Kings,0.9,1.8,0.6,1.11
San Antonio Spurs,Charlotte Hornets,1.5,7.5,0.6,3.12
San Antonio Spurs,Los Angeles Lakers,1.6,0.6,3.2,1.62
San Antonio Spurs,Minnesota Timberwolves,1.8,0.9,5.5,2.27
San Antonio Spurs,LA Clippers,1.9,1.0,5.8,2.41
San Antonio Spurs,New York Knicks,2.2,3.1,2.1,2.45
San Antonio Spurs,Philadelphia 76ers,2.2,2.5,0.9,2.03
San Antonio Spurs,Phoenix Suns,2.3,2.2,1.1,2.03
San Antonio Spurs,Boston Celtics,3.0,5.1,5.8,4.19
San Antonio Spurs,Orlando Magic,3.1,6.5,6.7,4.84
San Antonio Spurs,Brooklyn Nets,3.2,5.9,1.7,3.71
San Antonio Spurs,Miami Heat,3.5,3.0,2.7,3.19
Dallas Mavericks,Memphis Grizzlies,4.7,1.7,3.2,3.5
Dallas Mavericks,Atlanta Hawks,3.7,2.0,0.7,2.59
Dallas Mavericks,Chicago Bulls,3.5,1.5,0.2,2.24
Dallas Mavericks,Washington Wizards,2.2,8.7,2.9,4.29
Dallas Mavericks,Utah Jazz,0.9,4.4,3.4,2.45
Dallas Mavericks,Denver Nuggets,0.8,4.5,0.1,1.77
Dallas Mavericks,Detroit Pistons,0.8,1.2,3.7,1.5
Dallas Mavericks,Cleveland Cavaliers,0.6,7.0,4.0,3.2
Dallas Mavericks,Oklahoma City Thunder,0.5,4.5,8.6,3.32
Dallas Mavericks,Indiana Pacers,0.4,0.8,1.2,0.68
Dallas Mavericks,Toronto Raptors,0.2,5.0,0.3,1.66
Dallas Mavericks,San Antonio Spurs,0.1,0.6,0.9,0.41
Dallas Mavericks,New Orleans Pelicans,0.0,4.8,3.4,2.12
Dallas Mavericks,Milwaukee Bucks,0.1,0.2,3.0,0.71
Dallas Mavericks,Golden State Warriors,0.1,1.4,4.0,1.27
Dallas Mavericks,Portland Trail Blazers,0.2,4.5,0.8,1.61
Dallas Mavericks,Houston Rockets,0.3,2.1,5.8,1.94
Dallas Mavericks,Sacramento Kings,0.8,1.2,0.3,0.82
Dallas Mavericks,Charlotte Hornets,1.4,8.1,0.3,3.19
Dallas Mavericks,Los Angeles Lakers,1.5,0.0,2.3,1.21
Dallas Mavericks,Minnesota Timberwolves,1.7,0.3,4.6,1.86
Dallas Mavericks,LA Clippers,1.8,1.6,4.9,2.36
Dallas Mavericks,New York Knicks,2.1,2.5,1.2,2.04
Dallas Mavericks,Philadelphia 76ers,2.1,3.1,1.8,2.34
Dallas Mavericks,Phoenix Suns,2.2,1.6,2.0,1.98
Dallas Mavericks,Boston Celtics,2.9,4.5,4.9,3.78
Dallas Mavericks,Orlando Magic,3.0,7.1,5.8,4.79
Dallas Mavericks,Brooklyn Nets,3.1,6.5,0.8,3.66
Dallas Mavericks,Miami Heat,3.4,3.6,1.8,3.14
New Orleans Pelicans,Memphis Grizzlies,4.7,6.5,6.6,5.62
New Orleans Pelicans,Atlanta Hawks,3.7,2.8,4.1,3.51
New Orleans Pelicans,Chicago Bulls,3.5,3.3,3.6,3.46
New Orleans Pelicans,Washington Wizards,2.2,3.9,0.5,2.37
New Orleans Pelicans,Utah Jazz,0.9,0.4,0.0,0.57
New Orleans Pelicans,Denver Nuggets,0.8,9.3,3.5,3.89
New Orleans Pelicans,Detroit Pistons,0.8,3.6,7.1,2.9
New Orleans Pelicans,Cleveland Cavaliers,0.6,11.8,7.4,5.32
New Orleans Pelicans,Oklahoma City Thunder,0.5,9.3,12.0,5.44
New Orleans Pelicans,Indiana Pacers,0.4,5.6,4.6,2.8
New Orleans Pelicans,Toronto Raptors,0.2,0.2,3.7,0.9
New Orleans Pelicans,San Antonio Spurs,0.1,4.2,2.5,1.81
New Orleans Pelicans,Dallas Mavericks,0.0,4.8,3.4,2.12
New Orleans Pelicans,Milwaukee Bucks,0.1,4.6,6.4,2.71
New Orleans Pelicans,Golden State Warriors,0.1,3.4,7.4,2.55
New Orleans Pelicans,Portland Trail Blazers,0.2,0.3,4.2,1.03
New Orleans Pelicans,Houston Rockets,0.3,2.7,9.2,2.8
New Orleans Pelicans,Sacramento Kings,0.8,6.0,3.1,2.82
New Orleans Pelicans,Charlotte Hornets,1.4,3.3,3.1,2.31
New Orleans Pelicans,Los Angeles Lakers,1.5,4.8,5.7,3.33
New Orleans Pelicans,Minnesota Timberwolves,1.7,5.1,8.0,3.98
New Orleans Pelicans,LA Clippers,1.8,3.2,8.3,3.52
New Orleans Pelicans,New York Knicks,2.1,7.3,4.6,4.16
New Orleans Pelicans,Philadelphia 76ers,2.1,1.7,1.6,1.88
New Orleans Pelicans,Phoenix Suns,2.2,6.4,1.4,3.3
New Orleans Pelicans,Boston Celtics,2.9,9.3,8.3,5.9
New Orleans Pelicans,Orlando Magic,3.0,2.3,9.2,4.03
New Orleans Pelicans,Brooklyn Nets,3.1,1.7,4.2,2.9
New Orleans Pelicans,Miami Heat,3.4,1.2,5.2,3.1
Milwaukee Bucks,Memphis Grizzlies,4.8,1.9,0.2,3.01
Milwaukee Bucks,Atlanta Hawks,3.8,1.8,2.3,2.9
Milwaukee Bucks,Chicago Bulls,3.6,1.3,2.8,2.75
Milwaukee Bucks,Washington Wizards,2.3,8.5,5.9,4.88
Milwaukee Bucks,Utah Jazz,1.0,4.2,6.4,3.04
Milwaukee Bucks,Denver Nuggets,0.9,4.7,2.9,2.44
Milwaukee Bucks,Detroit Pistons,0.9,1.0,0.7,0.89
Milwaukee Bucks,Cleveland Cavaliers,0.7,7.2,1.0,2.71
Milwaukee Bucks,Oklahoma City Thunder,0.6,4.7,5.6,2.83
Milwaukee Bucks,Indiana Pacers,0.5,1.0,1.8,0.91
Milwaukee Bucks,Toronto Raptors,0.3,4.8,2.7,2.13
Milwaukee Bucks,San Antonio Spurs,0.2,0.4,3.9,1.0
Milwaukee Bucks,Dallas Mavericks,0.1,0.2,3.0,0.71
Milwaukee Bucks,New Orleans Pelicans,0.1,4.6,6.4,2.71
Milwaukee Bucks,Golden State Warriors,0.0,1.2,1.0,0.56
Milwaukee Bucks,Portland Trail Blazers,0.1,4.3,2.2,1.78
Milwaukee Bucks,Houston Rockets,0.2,1.9,2.8,1.23
Milwaukee Bucks,Sacramento Kings,0.7,1.4,3.3,1.43
Milwaukee Bucks,Charlotte Hornets,1.3,7.9,3.3,3.68
Milwaukee Bucks,Los Angeles Lakers,1.4,0.2,0.7,0.9
Milwaukee Bucks,Minnesota Timberwolves,1.6,0.5,1.6,1.27
Milwaukee Bucks,LA Clippers,1.7,1.4,1.9,1.65
Milwaukee Bucks,New York Knicks,2.0,2.7,1.8,2.17
Milwaukee Bucks,Philadelphia 76ers,2.0,2.9,4.8,2.83
Milwaukee Bucks,Phoenix Suns,2.1,1.8,5.0,2.59
Milwaukee Bucks,Boston Celtics,2.8,4.7,1.9,3.19
Milwaukee Bucks,Orlando Magic,2.9,6.9,2.8,4.08
Milwaukee Bucks,Brooklyn Nets,3.0,6.3,2.2,3.83
Milwaukee Bucks,Miami Heat,3.3,3.4,1.2,2.91
Golden State Warriors,Memphis Grizzlies,4.8,3.1,0.8,3.49
Golden State Warriors,Atlanta Hawks,3.8,0.6,3.3,2.74
Golden State Warriors,Chicago Bulls,3.6,0.1,3.8,2.59
Golden State Warriors,Washington Wizards,2.3,7.3,6.9,4.72
Golden State Warriors,Utah Jazz,1.0,3.0,7.4,2.88
Golden State Warriors,Denver Nuggets,0.9,5.9,3.9,3.0
Golden State Warriors,Detroit Pistons,0.9,0.2,0.3,0.57
Golden State Warriors,Cleveland Cavaliers,0.7,8.4,0.0,2.87
Golden State Warriors,Oklahoma City Thunder,0.6,5.9,4.6,2.99
Golden State Warriors,Indiana Pacers,0.5,2.2,2.8,1.47
Golden State Warriors,Toronto Raptors,0.3,3.6,3.7,1.97
Golden State Warriors,San Antonio Spurs,0.2,0.8,4.9,1.32
Golden State Warriors,Dallas Mavericks,0.1,1.4,4.0,1.27
Golden State Warriors,New Orleans Pelicans,0.1,3.4,7.4,2.55
Golden State Warriors,Milwaukee Bucks,0.0,1.2,1.0,0.56
Golden State Warriors,Portland Trail Blazers,0.1,3.1,3.2,1.62
Golden State Warriors,Houston Rockets,0.2,0.7,1.8,0.67
Golden State Warriors,Sacramento Kings,0.7,2.6,4.3,1.99
Golden State Warriors,Charlotte Hornets,1.3,6.7,4.3,3.52
Golden State Warriors,Los Angeles Lakers,1.4,1.4,1.7,1.46
Golden State Warriors,Minnesota Timberwolves,1.6,1.7,0.6,1.43
Golden State Warriors,LA Clippers,1.7,0.2,0.9,1.09
Golden State Warriors,New York Knicks,2.0,3.9,2.8,2.73
Golden State Warriors,Philadelphia 76ers,2.0,1.7,5.8,2.67
Golden State Warriors,Phoenix Suns,2.1,3.0,6.0,3.15
Golden State Warriors,Boston Celtics,2.8,5.9,0.9,3.35
Golden State Warriors,Orlando Magic,2.9,5.7,1.8,3.52
Golden State Warriors,Brooklyn Nets,3.0,5.1,3.2,3.67
Golden State Warriors,Miami Heat,3.3,2.2,2.2,2.75
Portland Trail Blazers,Memphis Grizzlies,4.9,6.2,2.4,4.79
Portland Trail Blazers,Atlanta Hawks,3.9,2.5,0.1,2.72
Portland Trail Blazers,Chicago Bulls,3.7,3.0,0.6,2.87
Portland Trail Blazers,Washington Wizards,2.4,4.2,3.7,3.2
Portland Trail Blazers,Utah Jazz,1.1,0.1,4.2,1.42
Portland Trail Blazers,Denver Nuggets,1.0,9.0,0.7,3.34
Portland Trail Blazers,Detroit Pistons,1.0,3.3,2.9,2.07
Portland Trail Blazers,Cleveland Cavaliers,0.8,11.5,3.2,4.49
Portland Trail Blazers,Oklahoma City Thunder,0.7,9.0,7.8,4.61
Portland Trail Blazers,Indiana Pacers,0.6,5.3,0.4,1.97
Portland Trail Blazers,Toronto Raptors,0.4,0.5,0.5,0.45
Portland Trail Blazers,San Antonio Spurs,0.3,3.9,1.7,1.66
Portland Trail Blazers,Dallas Mavericks,0.2,4.5,0.8,1.61
Portland Trail Blazers,New Orleans Pelicans,0.2,0.3,4.2,1.03
Portland Trail Blazers,Milwaukee Bucks,0.1,4.3,2.2,1.78
Portland Trail Blazers,Golden State Warriors,0.1,3.1,3.2,1.62
Portland Trail Blazers,Houston Rockets,0.1,2.4,5.0,1.77
Portland Trail Blazers,Sacramento Kings,0.6,5.7,1.1,2.23
Portland Trail Blazers,Charlotte Hornets,1.2,3.6,1.1,1.9
Portland Trail Blazers,Los Angeles Lakers,1.3,4.5,1.5,2.3
Portland Trail Blazers,Minnesota Timberwolves,1.5,4.8,3.8,2.95
Portland Trail Blazers,LA Clippers,1.6,2.9,4.1,2.49
Portland Trail Blazers,New York Knicks,1.9,7.0,0.4,3.13
Portland Trail Blazers,Philadelphia 76ers,1.9,1.4,2.6,1.89
Portland Trail Blazers,Phoenix Suns,2.0,6.1,2.8,3.39
Portland Trail Blazers,Boston Celtics,2.7,9.0,4.1,4.87
Portland Trail Blazers,Orlando Magic,2.8,2.6,5.0,3.18
Portland Trail Blazers,Brooklyn Nets,2.9,2.0,0.0,2.05
Portland Trail Blazers,Miami Heat,3.2,0.9,1.0,2.07
Houston Rockets,Memphis Grizzlies,5.0,3.8,2.6,4.16
Houston Rockets,Atlanta Hawks,4.0,0.1,5.1,3.05
Houston Rockets,Chicago Bulls,3.8,0.6,5.6,3.2
Houston Rockets,Washington Wizards,2.5,6.6,8.7,4.97
Houston Rockets,Utah Jazz,1.2,2.3,9.2,3.13
Houston Rockets,Denver Nuggets,1.1,6.6,5.7,3.67
Houston Rockets,Detroit Pistons,1.1,0.9,2.1,1.24
Houston Rockets,Cleveland Cavaliers,0.9,9.1,1.8,3.54
Houston Rockets,Oklahoma City Thunder,0.8,6.6,2.8,2.94
Houston Rockets,Indiana Pacers,0.7,2.9,4.6,2.14
Houston Rockets,Toronto Raptors,0.5,2.9,5.5,2.22
Houston Rockets,San Antonio Spurs,0.4,1.5,6.7,1.99
Houston Rockets,Dallas Mavericks,0.3,2.1,5.8,1.94
Houston Rockets,New Orleans Pelicans,0.3,2.7,9.2,2.8
Houston Rockets,Milwaukee Bucks,0.2,1.9,2.8,1.23
Houston Rockets,Golden State Warriors,0.2,0.7,1.8,0.67
Houston Rockets,Portland Trail Blazers,0.1,2.4,5.0,1.77
Houston Rockets,Sacramento Kings,0.5,3.3,6.1,2.46
Houston Rockets,Charlotte Hornets,1.1,6.0,6.1,3.57
Houston Rockets,Los Angeles Lakers,1.2,2.1,3.5,1.93
Houston Rockets,Minnesota Timberwolves,1.4,2.4,1.2,1.66
Houston Rockets,LA Clippers,1.5,0.5,0.9,1.08
Houston Rockets,New York Knicks,1.8,4.6,4.6,3.2
Houston Rockets,Philadelphia 76ers,1.8,1.0,7.6,2.72
Houston Rockets,Phoenix Suns,1.9,3.7,7.8,3.62
Houston Rockets,Boston Celtics,2.6,6.6,0.9,3.46
Houston Rockets,Orlando Magic,2.7,5.0,0.0,2.85
Houston Rockets,Brooklyn Nets,2.8,4.4,5.0,3.72
Houston Rockets,Miami Heat,3.1,1.5,4.0,2.8
Sacramento Kings,Memphis Grizzlies,5.5,0.5,3.5,3.6
Sacramento Kings,Atlanta Hawks,4.5,3.2,1.0,3.41
Sacramento Kings,Chicago Bulls,4.3,2.7,0.5,3.06
Sacramento Kings,Washington Wizards,3.0,9.9,2.6,4.99
Sacramento Kings,Utah Jazz,1.7,5.6,3.1,3.15
Sacramento Kings,Denver Nuggets,1.6,3.3,0.4,1.87
Sacramento Kings,Detroit Pistons,1.6,2.4,4.0,2.32
Sacramento Kings,Cleveland Cavaliers,1.4,5.8,4.3,3.3
Sacramento Kings,Oklahoma City Thunder,1.3,3.3,8.9,3.42
Sacramento Kings,Indiana Pacers,1.2,0.4,1.5,1.02
Sacramento Kings,Toronto Raptors,1.0,6.2,0.6,2.48
Sacramento Kings,San Antonio Spurs,0.9,1.8,0.6,1.11
Sacramento Kings,Dallas Mavericks,0.8,1.2,0.3,0.82
Sacramento Kings,New Orleans Pelicans,0.8,6.0,3.1,2.82
Sacramento Kings,Milwaukee Bucks,0.7,1.4,3.3,1.43
Sacramento Kings,Golden State Warriors,0.7,2.6,4.3,1.99
Sacramento Kings,Portland Trail Blazers,0.6,5.7,1.1,2.23
Sacramento Kings,Houston Rockets,0.5,3.3,6.1,2.46
Sacramento Kings,Charlotte Hornets,0.6,9.3,0.0,3.09
Sacramento Kings,Los Angeles Lakers,0.7,1.2,2.6,1.23
Sacramento Kings,Minnesota Timberwolves,0.9,0.9,4.9,1.7
Sacramento Kings,LA Clippers,1.0,2.8,5.2,2.38
Sacramento Kings,New York Knicks,1.3,1.3,1.5,1.34
Sacramento Kings,Philadelphia 76ers,1.3,4.3,1.5,2.24
Sacramento Kings,Phoenix Suns,1.4,0.4,1.7,1.16
Sacramento Kings,Boston Celtics,2.1,3.3,5.2,3.08
Sacramento Kings,Orlando Magic,2.2,8.3,6.1,4.81
Sacramento Kings,Brooklyn Nets,2.3,7.7,1.1,3.68
Sacramento Kings,Miami Heat,2.6,4.8,2.1,3.16
Charlotte Hornets,Memphis Grizzlies,6.1,9.8,3.5,6.69
Charlotte Hornets,Atlanta Hawks,5.1,6.1,1.0,4.58
Charlotte Hornets,Chicago Bulls,4.9,6.6,0.5,4.53
Charlotte Hornets,Washington Wizards,3.6,0.6,2.6,2.5
Charlotte Hornets,Utah Jazz,2.3,3.7,3.1,2.88
Charlotte Hornets,Denver Nuggets,2.2,12.6,0.4,4.96
Charlotte Hornets,Detroit Pistons,2.2,6.9,4.0,3.97
Charlotte Hornets,Cleveland Cavaliers,2.0,15.1,4.3,6.39
Charlotte Hornets,Oklahoma City Thunder,1.9,12.6,8.9,6.51
Charlotte Hornets,Indiana Pacers,1.8,8.9,1.5,3.87
Charlotte Hornets,Toronto Raptors,1.6,3.1,0.6,1.85
Charlotte Hornets,San Antonio Spurs,1.5,7.5,0.6,3.12
Charlotte Hornets,Dallas Mavericks,1.4,8.1,0.3,3.19
Charlotte Hornets,New Orleans Pelicans,1.4,3.3,3.1,2.31
Charlotte Hornets,Milwaukee Bucks,1.3,7.9,3.3,3.68
Charlotte Hornets,Golden State Warriors,1.3,6.7,4.3,3.52
Charlotte Hornets,Portland Trail Blazers,1.2,3.6,1.1,1.9
Charlotte Hornets,Houston Rockets,1.1,6.0,6.1,3.57
Charlotte Hornets,Sacramento Kings,0.6,9.3,0.0,3.09
Charlotte Hornets,Los Angeles Lakers,0.1,8.1,2.6,3.0
Charlotte Hornets,Minnesota Timberwolves,0.3,8.4,4.9,3.65
Charlotte Hornets,LA Clippers,0.4,6.5,5.2,3.19
Charlotte Hornets,New York Knicks,0.7,10.6,1.5,3.83
Charlotte Hornets,Philadelphia 76ers,0.7,5.0,1.5,2.15
Charlotte Hornets,Phoenix Suns,0.8,9.7,1.7,3.65
Charlotte Hornets,Boston Celtics,1.5,12.6,5.2,5.57
Charlotte Hornets,Orlando Magic,1.6,1.0,6.1,2.32
Charlotte Hornets,Brooklyn Nets,1.7,1.6,1.1,1.55
Charlotte Hornets,Miami Heat,2.0,4.5,2.1,2.77
Los Angeles Lakers,Memphis Grizzlies,6.2,1.7,0.9,3.79
Los Angeles Lakers,Atlanta Hawks,5.2,2.0,1.6,3.52
Los Angeles Lakers,Chicago Bulls,5.0,1.5,2.1,3.37
Los Angeles Lakers,Washington Wizards,3.7,8.7,5.2,5.5
Los Angeles Lakers,Utah Jazz,2.4,4.4,5.7,3.66
Los Angeles Lakers,Denver Nuggets,2.3,4.5,2.2,2.94
Los Angeles Lakers,Detroit Pistons,2.3,1.2,1.4,1.79
Los Angeles Lakers,Cleveland Cavaliers,2.1,7.0,1.7,3.49
Los Angeles Lakers,Oklahoma City Thunder,2.0,4.5,6.3,3.61
Los Angeles Lakers,Indiana Pacers,1.9,0.8,1.1,1.41
Los Angeles Lakers,Toronto Raptors,1.7,5.0,2.0,2.75
Los Angeles Lakers,San Antonio Spurs,1.6,0.6,3.2,1.62
Los Angeles Lakers,Dallas Mavericks,1.5,0.0,2.3,1.21
Los Angeles Lakers,New Orleans Pelicans,1.5,4.8,5.7,3.33
Los Angeles Lakers,Milwaukee Bucks,1.4,0.2,0.7,0.9
Los Angeles Lakers,Golden State Warriors,1.4,1.4,1.7,1.46
Los Angeles Lakers,Portland Trail Blazers,1.3,4.5,1.5,2.3
Los Angeles Lakers,Houston Rockets,1.2,2.1,3.5,1.93
Los Angeles Lakers,Sacramento Kings,0.7,1.2,2.6,1.23
Los Angeles Lakers,Charlotte Hornets,0.1,8.1,2.6,3.0
Los Angeles Lakers,Minnesota Timberwolves,0.2,0.3,2.3,0.65
Los Angeles Lakers,LA Clippers,0.3,1.6,2.6,1.15
Los Angeles Lakers,New York Knicks,0.6,2.5,1.1,1.27
Los Angeles Lakers,Philadelphia 76ers,0.6,3.1,4.1,2.05
Los Angeles Lakers,Phoenix Suns,0.7,1.6,4.3,1.69
Los Angeles Lakers,Boston Celtics,1.4,4.5,2.6,2.57
Los Angeles Lakers,Orlando Magic,1.5,7.1,3.5,3.58
Los Angeles Lakers,Brooklyn Nets,1.6,6.5,1.5,3.05
Los Angeles Lakers,Miami Heat,1.9,3.6,0.5,2.13
Minnesota Timberwolves,Memphis Grizzlies,6.4,1.4,1.4,3.9
Minnesota Timberwolves,Atlanta Hawks,5.4,2.3,3.9,4.17
Minnesota Timberwolves,Chicago Bulls,5.2,1.8,4.4,4.02
Minnesota Timberwolves,Washington Wizards,3.9,9.0,7.5,6.15
Minnesota Timberwolves,Utah Jazz,2.6,4.7,8.0,4.31
Minnesota Timberwolves,Denver Nuggets,2.5,4.2,4.5,3.41
Minnesota Timberwolves,Detroit Pistons,2.5,1.5,0.9,1.88
Minnesota Timberwolves,Cleveland Cavaliers,2.3,6.7,0.6,3.28
Minnesota Timberwolves,Oklahoma City Thunder,2.2,4.2,4.0,3.16
Minnesota Timberwolves,Indiana Pacers,2.1,0.5,3.4,1.88
Minnesota Timberwolves,Toronto Raptors,1.9,5.3,4.3,3.4
Minnesota Timberwolves,San Antonio Spurs,1.8,0.9,5.5,2.27
Minnesota Timberwolves,Dallas Mavericks,1.7,0.3,4.6,1.86
Minnesota Timberwolves,New Orleans Pelicans,1.7,5.1,8.0,3.98
Minnesota Timberwolves,Milwaukee Bucks,1.6,0.5,1.6,1.27
Minnesota Timberwolves,Golden State Warriors,1.6,1.7,0.6,1.43
Minnesota Timberwolves,Portland Trail Blazers,1.5,4.8,3.8,2.95
Minnesota Timberwolves,Houston Rockets,1.4,2.4,1.2,1.66
Minnesota Timberwolves,Sacramento Kings,0.9,0.9,4.9,1.7
Minnesota Timberwolves,Charlotte Hornets,0.3,8.4,4.9,3.65
Minnesota Timberwolves,Los Angeles Lakers,0.2,0.3,2.3,0.65
Minnesota Timberwolves,LA Clippers,0.1,1.9,0.3,0.68
Minnesota Timberwolves,New York Knicks,0.4,2.2,3.4,1.54
Minnesota Timberwolves,Philadelphia 76ers,0.4,3.4,6.4,2.5
Minnesota Timberwolves,Phoenix Suns,0.5,1.3,6.6,1.96
Minnesota Timberwolves,Boston Celtics,1.2,4.2,0.3,1.92
Minnesota Timberwolves,Orlando Magic,1.3,7.4,1.2,3.11
Minnesota Timberwolves,Brooklyn Nets,1.4,6.8,3.8,3.5
Minnesota Timberwolves,Miami Heat,1.7,3.9,2.8,2.58
LA Clippers,Memphis Grizzlies,6.5,3.3,1.7,4.58
LA Clippers,Atlanta Hawks,5.5,0.4,4.2,3.71
LA Clippers,Chicago Bulls,5.3,0.1,4.7,3.62
LA Clippers,Washington Wizards,4.0,7.1,7.8,5.69
LA Clippers,Utah Jazz,2.7,2.8,8.3,3.85
LA Clippers,Denver Nuggets,2.6,6.1,4.8,4.09
LA Clippers,Detroit Pistons,2.6,0.4,1.2,1.66
LA Clippers,Cleveland Cavaliers,2.4,8.6,0.9,3.96
LA Clippers,Oklahoma City Thunder,2.3,6.1,3.7,3.72
LA Clippers,Indiana Pacers,2.2,2.4,3.7,2.56
LA Clippers,Toronto Raptors,2.0,3.4,4.6,2.94
LA Clippers,San Antonio Spurs,1.9,1.0,5.8,2.41
LA Clippers,Dallas Mavericks,1.8,1.6,4.9,2.36
LA Clippers,New Orleans Pelicans,1.8,3.2,8.3,3.52
LA Clippers,Milwaukee Bucks,1.7,1.4,1.9,1.65
LA Clippers,Golden State Warriors,1.7,0.2,0.9,1.09
LA Clippers,Portland Trail Blazers,1.6,2.9,4.1,2.49
LA Clippers,Houston Rockets,1.5,0.5,0.9,1.08
LA Clippers,Sacramento Kings,1.0,2.8,5.2,2.38
LA Clippers,Charlotte Hornets,0.4,6.5,5.2,3.19
LA Clippers,Los Angeles Lakers,0.3,1.6,2.6,1.15
LA Clippers,Minnesota Timberwolves,0.1,1.9,0.3,0.68
LA Clippers,New York Knicks,0.3,4.1,3.7,2.12
LA Clippers,Philadelphia 76ers,0.3,1.5,6.7,1.94
LA Clippers,Phoenix Suns,0.4,3.2,6.9,2.54
LA Clippers,Boston Celtics,1.1,6.1,0.0,2.38
LA Clippers,Orlando Magic,1.2,5.5,0.9,2.43
LA Clippers,Brooklyn Nets,1.3,4.9,4.1,2.94
LA Clippers,Miami Heat,1.6,2.0,3.1,2.02
New York Knicks,Memphis Grizzlies,6.8,0.8,2.0,4.04
New York Knicks,Atlanta Hawks,5.8,4.5,0.5,4.35
New York Knicks,Chicago Bulls,5.6,4.0,1.0,4.2
New York Knicks,Washington Wizards,4.3,11.2,4.1,6.33
New York Knicks,Utah Jazz,3.0,6.9,4.6,4.49
New York Knicks,Denver Nuggets,2.9,2.0,1.1,2.27
New York Knicks,Detroit Pistons,2.9,3.7,2.5,3.06
New York Knicks,Cleveland Cavaliers,2.7,4.5,2.8,3.26
New York Knicks,Oklahoma City Thunder,2.6,2.0,7.4,3.38
New York Knicks,Indiana Pacers,2.5,1.7,0.0,1.76
New York Knicks,Toronto Raptors,2.3,7.5,0.9,3.58
New York Knicks,San Antonio Spurs,2.2,3.1,2.1,2.45
New York Knicks,Dallas Mavericks,2.1,2.5,1.2,2.04
New York Knicks,New Orleans Pelicans,2.1,7.3,4.6,4.16
New York Knicks,Milwaukee Bucks,2.0,2.7,1.8,2.17
New York Knicks,Golden State Warriors,2.0,3.9,2.8,2.73
New York Knicks,Portland Trail Blazers,1.9,7.0,0.4,3.13
New York Knicks,Houston Rockets,1.8,4.6,4.6,3.2
New York Knicks,Sacramento Kings,1.3,1.3,1.5,1.34
New York Knicks,Charlotte Hornets,0.7,10.6,1.5,3.83
New York Knicks,Los Angeles Lakers,0.6,2.5,1.1,1.27
New York Knicks,Minnesota Timberwolves,0.4,2.2,3.4,1.54
New York Knicks,LA Clippers,0.3,4.1,3.7,2.12
New York Knicks,Philadelphia 76ers,0.0,5.6,3.0,2.28
New York Knicks,Phoenix Suns,0.1,0.9,3.2,0.96
New York Knicks,Boston Celtics,0.8,2.0,3.7,1.74
New York Knicks,Orlando Magic,0.9,9.6,4.6,4.25
New York Knicks,Brooklyn Nets,1.0,9.0,0.4,3.28
New York Knicks,Miami Heat,1.3,6.1,0.6,2.6
Philadelphia 76ers,Memphis Grizzlies,6.8,4.8,5.0,5.84
Philadelphia 76ers,Atlanta Hawks,5.8,1.1,2.5,3.73
Philadelphia 76ers,Chicago Bulls,5.6,1.6,2.0,3.68
Philadelphia 76ers,Washington Wizards,4.3,5.6,1.1,4.05
Philadelphia 76ers,Utah Jazz,3.0,1.3,1.6,2.21
Philadelphia 76ers,Denver Nuggets,2.9,7.6,1.9,4.11
Philadelphia 76ers,Detroit Pistons,2.9,1.9,5.5,3.12
Philadelphia 76ers,Cleveland Cavaliers,2.7,10.1,5.8,5.54
Philadelphia 76ers,Oklahoma City Thunder,2.6,7.6,10.4,5.66
Philadelphia 76ers,Indiana Pacers,2.5,3.9,3.0,3.02
Philadelphia 76ers,Toronto Raptors,2.3,1.9,2.1,2.14
Philadelphia 76ers,San Antonio Spurs,2.2,2.5,0.9,2.03
Philadelphia 76ers,Dallas Mavericks,2.1,3.1,1.8,2.34
Philadelphia 76ers,New Orleans Pelicans,2.1,1.7,1.6,1.88
Philadelphia 76ers,Milwaukee Bucks,2.0,2.9,4.8,2.83
Philadelphia 76ers,Golden State Warriors,2.0,1.7,5.8,2.67
Philadelphia 76ers,Portland Trail Blazers,1.9,1.4,2.6,1.89
Philadelphia 76ers,Houston Rockets,1.8,1.0,7.6,2.72
Philadelphia 76ers,Sacramento Kings,1.3,4.3,1.5,2.24
Philadelphia 76ers,Charlotte Hornets,0.7,5.0,1.5,2.15
Philadelphia 76ers,Los Angeles Lakers,0.6,3.1,4.1,2.05
Philadelphia 76ers,Minnesota Timberwolves,0.4,3.4,6.4,2.5
Philadelphia 76ers,LA Clippers,0.3,1.5,6.7,1.94
Philadelphia 76ers,New York Knicks,0.0,5.6,3.0,2.28
Philadelphia 76ers,Phoenix Suns,0.1,4.7,0.2,1.5
Philadelphia 76ers,Boston Celtics,0.8,7.6,6.7,4.02
Philadelphia 76ers,Orlando Magic,0.9,4.0,7.6,3.17
Philadelphia 76ers,Brooklyn Nets,1.0,3.4,2.6,2.04
Philadelphia 76ers,Miami Heat,1.3,0.5,3.6,1.52
Phoenix Suns,Memphis Grizzlies,6.9,0.1,5.2,4.52
Phoenix Suns,Atlanta Hawks,5.9,3.6,2.7,4.57
Phoenix Suns,Chicago Bulls,5.7,3.1,2.2,4.22
Phoenix Suns,Washington Wizards,4.4,10.3,0.9,5.47
Phoenix Suns,Utah Jazz,3.1,6.0,1.4,3.63
Phoenix Suns,Denver Nuggets,3.0,2.9,2.1,2.79
Phoenix Suns,Detroit Pistons,3.0,2.8,5.7,3.48
Phoenix Suns,Cleveland Cavaliers,2.8,5.4,6.0,4.22
Phoenix Suns,Oklahoma City Thunder,2.7,2.9,10.6,4.34
Phoenix Suns,Indiana Pacers,2.6,0.8,3.2,2.18
Phoenix Suns,Toronto Raptors,2.4,6.6,2.3,3.64
Phoenix Suns,San Antonio Spurs,2.3,2.2,1.1,2.03
Phoenix Suns,Dallas Mavericks,2.2,1.6,2.0,1.98
Phoenix Suns,New Orleans Pelicans,2.2,6.4,1.4,3.3
Phoenix Suns,Milwaukee Bucks,2.1,1.8,5.0,2.59
Phoenix Suns,Golden State Warriors,2.1,3.0,6.0,3.15
Phoenix Suns,Portland Trail Blazers,2.0,6.1,2.8,3.39
Phoenix Suns,Houston Rockets,1.9,3.7,7.8,3.62
Phoenix Suns,Sacramento Kings,1.4,0.4,1.7,1.16
Phoenix Suns,Charlotte Hornets,0.8,9.7,1.7,3.65
Phoenix Suns,Los Angeles Lakers,0.7,1.6,4.3,1.69
Phoenix Suns,Minnesota Timberwolves,0.5,1.3,6.6,1.96
Phoenix Suns,LA Clippers,0.4,3.2,6.9,2.54
Phoenix Suns,New York Knicks,0.1,0.9,3.2,0.96
Phoenix Suns,Philadelphia 76ers,0.1,4.7,0.2,1.5
Phoenix Suns,Boston Celtics,0.7,2.9,6.9,2.6
Phoenix Suns,Orlando Magic,0.8,8.7,7.8,4.57
Phoenix Suns,Brooklyn Nets,0.9,8.1,2.8,3.44
Phoenix Suns,Miami Heat,1.2,5.2,3.8,2.92
Boston Celtics,Memphis Grizzlies,7.6,2.8,1.7,4.98
Boston Celtics,Atlanta Hawks,6.6,6.5,4.2,6.09
Boston Celtics,Chicago Bulls,6.4,6.0,4.7,5.94
Boston Celtics,Washington Wizards,5.1,13.2,7.8,8.07
Boston Celtics,Utah Jazz,3.8,8.9,8.3,6.23
Boston Celtics,Denver Nuggets,3.7,0.0,4.8,2.81
Boston Celtics,Detroit Pistons,3.7,5.7,1.2,3.8
Boston Celtics,Cleveland Cavaliers,3.5,2.5,0.9,2.68
Boston Celtics,Oklahoma City Thunder,3.4,0.0,3.7,2.44
Boston Celtics,Indiana Pacers,3.3,3.7,3.7,3.5
Boston Celtics,Toronto Raptors,3.1,9.5,4.6,5.32
Boston Celtics,San Antonio Spurs,3.0,5.1,5.8,4.19
Boston Celtics,Dallas Mavericks,2.9,4.5,4.9,3.78
Boston Celtics,New Orleans Pelicans,2.9,9.3,8.3,5.9
Boston Celtics,Milwaukee Bucks,2.8,4.7,1.9,3.19
Boston Celtics,Golden State Warriors,2.8,5.9,0.9,3.35
Boston Celtics,Portland Trail Blazers,2.7,9.0,4.1,4.87
Boston Celtics,Houston Rockets,2.6,6.6,0.9,3.46
Boston Celtics,Sacramento Kings,2.1,3.3,5.2,3.08
Boston Celtics,Charlotte Hornets,1.5,12.6,5.2,5.57
Boston Celtics,Los Angeles Lakers,1.4,4.5,2.6,2.57
Boston Celtics,Minnesota Timberwolves,1.2,4.2,0.3,1.92
Boston Celtics,LA Clippers,1.1,6.1,0.0,2.38
Boston Celtics,New York Knicks,0.8,2.0,3.7,1.74
Boston Celtics,Philadelphia 76ers,0.8,7.6,6.7,4.02
Boston Celtics,Phoenix Suns,0.7,2.9,6.9,2.6
Boston Celtics,Orlando Magic,0.1,11.6,0.9,3.71
Boston Celtics,Brooklyn Nets,0.2,11.0,4.1,4.22
Boston Celtics,Miami Heat,0.5,8.1,3.1,3.3
Orlando Magic,Memphis Grizzlies,7.7,8.8,2.6,7.01
Orlando Magic,Atlanta Hawks,6.7,5.1,5.1,5.9
Orlando Magic,Chicago Bulls,6.5,5.6,5.6,6.05
Orlando Magic,Washington Wizards,5.2,1.6,8.7,4.82
Orlando Magic,Utah Jazz,3.9,2.7,9.2,4.6
Orlando Magic,Denver Nuggets,3.8,11.6,5.7,6.52
Orlando Magic,Detroit Pistons,3.8,5.9,2.1,4.09
Orlando Magic,Cleveland Cavaliers,3.6,14.1,1.8,6.39
Orlando Magic,Oklahoma City Thunder,3.5,11.6,2.8,5.79
Orlando Magic,Indiana Pacers,3.4,7.9,4.6,4.99
Orlando Magic,Toronto Raptors,3.2,2.1,5.5,3.33
Orlando Magic,San Antonio Spurs,3.1,6.5,6.7,4.84
Orlando Magic,Dallas Mavericks,3.0,7.1,5.8,4.79
Orlando Magic,New Orleans Pelicans,3.0,2.3,9.2,4.03
Orlando Magic,Milwaukee Bucks,2.9,6.9,2.8,4.08
Orlando Magic,Golden State Warriors,2.9,5.7,1.8,3.52
Orlando Magic,Portland Trail Blazers,2.8,2.6,5.0,3.18
Orlando Magic,Houston Rockets,2.7,5.0,0.0,2.85
Orlando Magic,Sacramento Kings,2.2,8.3,6.1,4.81
Orlando Magic,Charlotte Hornets,1.6,1.0,6.1,2.32
Orlando Magic,Los Angeles Lakers,1.5,7.1,3.5,3.58
Orlando Magic,Minnesota Timberwolves,1.3,7.4,1.2,3.11
Orlando Magic,LA Clippers,1.2,5.5,0.9,2.43
Orlando Magic,New York Knicks,0.9,9.6,4.6,4.25
Orlando Magic,Philadelphia 76ers,0.9,4.0,7.6,3.17
Orlando Magic,Phoenix Suns,0.8,8.7,7.8,4.57
Orlando Magic,Boston Celtics,0.1,11.6,0.9,3.71
Orlando Magic,Brooklyn Nets,0.1,0.6,5.0,1.23
Orlando Magic,Miami Heat,0.4,3.5,4.0,2.05
Brooklyn Nets,Memphis Grizzlies,7.8,8.2,2.4,6.84
Brooklyn Nets,Atlanta Hawks,6.8,4.5,0.1,4.77
Brooklyn Nets,Chicago Bulls,6.6,5.0,0.6,4.92
Brooklyn Nets,Washington Wizards,5.3,2.2,3.7,4.05
Brooklyn Nets,Utah Jazz,4.0,2.1,4.2,3.47
Brooklyn Nets,Denver Nuggets,3.9,11.0,0.7,5.39
Brooklyn Nets,Detroit Pistons,3.9,5.3,2.9,4.12
Brooklyn Nets,Cleveland Cavaliers,3.7,13.5,3.2,6.54
Brooklyn Nets,Oklahoma City Thunder,3.6,11.0,7.8,6.66
Brooklyn Nets,Indiana Pacers,3.5,7.3,0.4,4.02
Brooklyn Nets,Toronto Raptors,3.3,1.5,0.5,2.2
Brooklyn Nets,San Antonio Spurs,3.2,5.9,1.7,3.71
Brooklyn Nets,Dallas Mavericks,3.1,6.5,0.8,3.66
Brooklyn Nets,New Orleans Pelicans,3.1,1.7,4.2,2.9
Brooklyn Nets,Milwaukee Bucks,3.0,6.3,2.2,3.83
Brooklyn Nets,Golden State Warriors,3.0,5.1,3.2,3.67
Brooklyn Nets,Portland Trail Blazers,2.9,2.0,0.0,2.05
Brooklyn Nets,Houston Rockets,2.8,4.4,5.0,3.72
Brooklyn Nets,Sacramento Kings,2.3,7.7,1.1,3.68
Brooklyn Nets,Charlotte Hornets,1.7,1.6,1.1,1.55
Brooklyn Nets,Los Angeles Lakers,1.6,6.5,1.5,3.05
Brooklyn Nets,Minnesota Timberwolves,1.4,6.8,3.8,3.5
Brooklyn Nets,LA Clippers,1.3,4.9,4.1,2.94
Brooklyn Nets,New York Knicks,1.0,9.0,0.4,3.28
Brooklyn Nets,Philadelphia 76ers,1.0,3.4,2.6,2.04
Brooklyn Nets,Phoenix Suns,0.9,8.1,2.8,3.44
Brooklyn Nets,Boston Celtics,0.2,11.0,4.1,4.22
Brooklyn Nets,Orlando Magic,0.1,0.6,5.0,1.23
Brooklyn Nets,Miami Heat,0.3,2.9,1.0,1.22
Miami Heat,Memphis Grizzlies,8.1,5.3,1.4,5.92
Miami Heat,Atlanta Hawks,7.1,1.6,1.1,4.25
Miami Heat,Chicago Bulls,6.9,2.1,1.6,4.4
Miami Heat,Washington Wizards,5.6,5.1,4.7,5.27
Miami Heat,Utah Jazz,4.3,0.8,5.2,3.43
Miami Heat,Denver Nuggets,4.2,8.1,1.7,4.87
Miami Heat,Detroit Pistons,4.2,2.4,1.9,3.2
Miami Heat,Cleveland Cavaliers,4.0,10.6,2.2,5.62
Miami Heat,Oklahoma City Thunder,3.9,8.1,6.8,5.74
Miami Heat,Indiana Pacers,3.8,4.4,0.6,3.34
Miami Heat,Toronto Raptors,3.6,1.4,1.5,2.52
Miami Heat,San Antonio Spurs,3.5,3.0,2.7,3.19
Miami Heat,Dallas Mavericks,3.4,3.6,1.8,3.14
Miami Heat,New Orleans Pelicans,3.4,1.2,5.2,3.1
Miami Heat,Milwaukee Bucks,3.3,3.4,1.2,2.91
Miami Heat,Golden State Warriors,3.3,2.2,2.2,2.75
Miami Heat,Portland Trail Blazers,3.2,0.9,1.0,2.07
Miami Heat,Houston Rockets,3.1,1.5,4.0,2.8
Miami Heat,Sacramento Kings,2.6,4.8,2.1,3.16
Miami Heat,Charlotte Hornets,2.0,4.5,2.1,2.77
Miami Heat,Los Angeles Lakers,1.9,3.6,0.5,2.13
Miami Heat,Minnesota Timberwolves,1.7,3.9,2.8,2.58
Miami Heat,LA Clippers,1.6,2.0,3.1,2.02
Miami Heat,New York Knicks,1.3,6.1,0.6,2.6
Miami Heat,Philadelphia 76ers,1.3,0.5,3.6,1.52
Miami Heat,Phoenix Suns,1.2,5.2,3.8,2.92
Miami Heat,Boston Celtics,0.5,8.1,3.1,3.3
Miami Heat,Orlando Magic,0.4,3.5,4.0,2.05
Miami Heat,Brooklyn Nets,0.3,2.9,1.0,1.22
